date,strategy,period_return,wealth,drawdown
2021-02-26,Main,-0.0066149447357671,0.9933850552642329,0.0
2021-03-31,Main,-0.0055538639594259,0.9878679298079686,-0.00555386395942592
2021-04-30,Main,0.0137043612184948,1.0014060287542237,0.0
2021-05-28,Main,0.0094698689102505,1.010889212572461,0.0
2021-06-30,Main,0.0033522818160101,1.0142779980977683,0.0
2021-07-30,Main,0.0105927779239052,1.025022019684721,0.0
2021-08-31,Main,0.0005345881021283,1.025569984260864,0.0
2021-09-30,Main,-0.0087036977825849,1.0166437330629672,-0.008703697782584952
2021-10-29,Main,0.0087890969837758,1.0255791134308054,0.0
2021-11-30,Main,-0.0056622491571235,1.0197720289602183,-0.0056622491571235445
2021-12-31,Main,0.010936475931357,1.030924741210413,0.0
2022-01-31,Main,-0.0150145725253603,1.015445846915321,-0.015014572525360315
2022-02-28,Main,-0.0019766258103983,1.0134386904452464,-0.016961520144172848
2022-03-31,Main,-0.0068363005585395,1.00651051895971,-0.023681866653076922
2022-04-29,Main,-0.0281210926553343,0.9782063433974755,-0.05113699934200888
2022-05-31,Main,0.0029157298863131,0.9810585288679006,-0.0483703711329736
2022-06-30,Main,-0.0287594537098304,0.9528438215202899,-0.07573871939327792
2022-07-29,Main,0.0200154293096339,0.9719153996730507,-0.05723923306766232
2022-08-31,Main,-0.0242332583754554,0.9483627226736897,-0.0800853983189761
2022-09-30,Main,-0.0470172730405127,0.9037732936002968,-0.12333727432016728
2022-10-31,Main,0.006378846095846,0.9095383243457089,-0.11774517771509085
2022-11-30,Main,0.0378301240088789,0.943946271946535,-0.08436936838062126
2022-12-30,Main,-0.0088323165577709,0.9356090396591755,-0.09245650796907534
2023-01-31,Main,0.0310308200033682,0.9646417553623636,-0.06429468922263548
2023-02-28,Main,-0.0258524563063561,0.9397033965305714,-0.08848496988513266
2023-03-31,Main,0.025138941858368,0.9633265455800645,-0.0655704465400464
2023-04-28,Main,0.0039116849687548,0.9670947755484125,-0.06191525250141683
2023-05-31,Main,-0.0158558004088207,0.9517607138109035,-0.07678933702431334
2023-06-30,Main,0.0073250787209819,0.9587324359631064,-0.07002674624196648
2023-07-31,Main,0.016196115976423,0.9742601776863234,-0.05496479156912992
2023-08-31,Main,-0.0087056538295342,0.9657786058394858,-0.06319194095045078
2023-09-29,Main,-0.0177605050612829,0.9486258900223948,-0.07983012522465094
2023-10-31,Main,-0.0053315475589061,0.9435682459741308,-0.08473605467428846
2023-11-30,Main,0.0338828715951755,0.9755390476937573,-0.05372428393912354
2023-12-29,Main,0.022691905905779,0.9976758879714374,-0.032251484429346444
2024-01-31,Main,-0.0019952643373968,0.9956852608518872,-0.03418239853003324
2024-02-29,Main,0.0017765903707172,0.9974541856985818,-0.032466536279392555
2024-03-28,Main,0.0210780022857419,1.0184785273046595,-0.012072863719557625
2024-04-30,Main,-0.0102996962347372,1.007988507851819,-0.02224821312530001
2024-05-31,Main,0.0161325006557644,1.0242498831157414,-0.006474631782369178
2024-06-28,Main,0.0069654337504838,1.031384227820525,0.0
2024-07-31,Main,0.0152014971771814,1.047062812248328,0.0
2024-08-30,Main,0.0101496619548875,1.0576901458381824,0.0
2024-09-30,Main,0.0173583847235236,1.0760499383079214,0.0
2024-10-31,Main,-0.0102162594100237,1.0650567330000278,-0.010216259410023576
2024-11-29,Main,0.0043049459192361,1.0696417446365112,-0.00595529393504457
2024-12-31,Main,-0.010420461256244,1.0584955842784651,-0.016313698281568922
2025-01-31,Main,0.0145818464963221,1.0739304044054485,-0.0019697356293759682
2025-02-28,Main,0.0122638832167407,1.087100961467984,0.0
2025-03-31,Main,0.005521301487108,1.0931031736231738,0.0
2025-04-30,Main,-0.0002539061120949,1.0928256280462405,-0.00025390611209485936
2025-05-30,Main,0.0036177575585907,1.0967792062223265,0.0
2025-06-30,Main,0.0167097867824859,1.1151061529057658,0.0
2025-07-31,Main,0.0014973147204184,1.1167758177633407,0.0
2025-08-29,Main,0.0159295210223273,1.1345655216296286,0.0
2025-09-30,Main,0.0171029292309576,1.1539699154539447,0.0
2025-10-31,Main,0.0082562983271394,1.1634974353364764,0.0
2025-11-28,Main,0.0086899082472147,1.1736081212954201,0.0
2025-12-30,Main,0.0039580162855796,1.178253281352396,0.0
2021-02-26,EW,0.0072911613737711,1.0072911613737712,0.0
2021-03-31,EW,0.0061272215733625,1.013463057508398,0.0
2021-04-30,EW,0.0328287555768564,1.046733788509515,0.0
2021-05-28,EW,0.0205392283065828,1.0682328927679263,0.0
2021-06-30,EW,0.0053295238938235,1.0739260654941012,0.0
2021-07-30,EW,0.0117232674493572,1.0865159879807245,0.0
2021-08-31,EW,0.0062658041666032,1.0933238843852953,0.0
2021-09-30,EW,-0.019081552148897,1.0724615676697626,-0.019081552148896952
2021-10-29,EW,0.0267721564114316,1.1011736765046667,0.0
2021-11-30,EW,-0.017985838756018,1.0813681443166823,-0.017985838756018002
2021-12-31,EW,0.0297134236602114,1.1134992941214206,0.0
2022-01-31,EW,-0.0197142049392837,1.0915475408373632,-0.019714204939283664
2022-02-28,EW,-0.0021886038176753,1.0891585757223126,-0.02185966217276636
2022-03-31,EW,0.0091320079321806,1.0991047804752112,-0.012927276848942237
2022-04-29,EW,-0.035578780358801,1.0599999728993754,-0.0480461204640974
2022-05-31,EW,0.0018362420982627,1.0619463894737706,-0.046298102674888986
2022-06-30,EW,-0.0455447060521222,1.0135803533220753,-0.08973417524991234
2022-07-29,EW,0.0300023989881073,1.043990195488951,-0.062424016790521675
2022-08-31,EW,-0.0322692724793863,1.0103013914049104,-0.0926789116628367
2022-09-30,EW,-0.0705803769388284,0.9389939383777289,-0.15671797608222182
2022-10-31,EW,0.0174704955742392,0.9553986278223946,-0.1419854212155307
2022-11-30,EW,0.061276075033716,1.013941705827949,-0.08940965550591129
2022-12-30,EW,-0.019060335214773,0.9946156370266295,-0.10676581271530428
2023-01-31,EW,0.052314844256023,1.0466487991722828,-0.06003640532334997
2023-02-28,EW,-0.0378027142794569,1.0070826336662364,-0.09556958052600262
2023-03-31,EW,0.027424941327008,1.0347018158059818,-0.07076562933756692
2023-04-28,EW,0.0062516545209778,1.0411704140906293,-0.06495637708316704
2023-05-31,EW,-0.0224211968115561,1.017826127321934,-0.08592117417997569
2023-06-30,EW,0.0207022047326859,1.0388973721920296,-0.06699772718603636
2023-07-31,EW,0.0249205279508988,1.0647872431938563,-0.04374681796812396
2023-08-31,EW,-0.0188033188716686,1.0447657091295972,-0.06172755147191711
2023-09-29,EW,-0.0302717005389938,1.0131388744494165,-0.09013065405774767
2023-10-31,EW,-0.0114131100631167,1.001575808966103,-0.10051509304604267
2023-11-30,EW,0.0528181660982352,1.054477206404049,-0.05300594982769291
2023-12-29,EW,0.0329550531721252,1.0892275588098885,-0.02179771055057833
2024-01-31,EW,-0.0078391808703387,1.0806889069674204,-0.02946601522535175
2024-02-29,EW,0.0068867220422028,1.0881313110837971,-0.022782217439697106
2024-03-28,EW,0.0271564627953773,1.1176811085497294,0.0
2024-04-30,EW,-0.0183828708350763,1.0971349210964547,-0.018382870835076393
2024-05-31,EW,0.0244355686269783,1.1239440367539617,0.0
2024-06-28,EW,0.008693086964387,1.1337145800085682,0.0
2024-07-31,EW,0.0243690994206784,1.1613421833234696,0.0
2024-08-30,EW,0.0167460682634661,1.1807900988026472,0.0
2024-09-30,EW,0.0253925215755117,1.210773336862644,0.0
2024-10-31,EW,-0.0151929472730255,1.1923781213961049,-0.015192947273025448
2024-11-29,EW,0.0070389635059167,1.2007712274778657,-0.008260926368510835
2024-12-31,EW,-0.0214273340094164,1.1750419013178004,-0.029511250749402085
2025-01-31,EW,0.0223050505786952,1.20125127035878,-0.00786445011131276
2025-02-28,EW,0.0156705657370788,1.2200755573576867,0.0
2025-03-31,EW,0.0057469498857332,1.2270872704426294,0.0
2025-04-30,EW,0.0004451629532926,1.2276335242358876,0.0
2025-05-30,EW,0.0163084287610102,1.2476542981105165,0.0
2025-06-30,EW,0.0251872109853446,1.279079230153798,0.0
2025-07-31,EW,0.0034261137249642,1.2834615010595447,0.0
2025-08-29,EW,0.0226518572181286,1.3125342877265107,0.0
2025-09-30,EW,0.028025410025493,1.3493185993125647,0.0
2025-10-31,EW,0.0104352221070047,1.3633990385895038,0.0
2025-11-28,EW,0.0112619471945401,1.3787535665671855,0.0
2025-12-30,EW,0.0077785470931457,1.389478266114571,0.0
2021-02-26,GMV,-0.0040943962262117,0.9959056037737883,0.0
2021-03-31,GMV,-0.0054851083155611,0.9904429536650148,-0.005485108315561149
2021-04-30,GMV,0.0063115930104051,0.996694226488572,0.0
2021-05-28,GMV,0.0037111153235565,1.000393073705394,0.0
2021-06-30,GMV,0.0018723002371452,1.0022661098945311,0.0
2021-07-30,GMV,0.0065590299931155,1.0088400033704126,0.0
2021-08-31,GMV,-0.0006917111961859,1.008142177444921,-0.0006917111961858291
2021-09-30,GMV,-0.0033520445414466,1.0047628399620148,-0.004041437090892996
2021-10-29,GMV,-0.0003772055987136,1.0043838377934018,-0.004417118236909046
2021-11-30,GMV,-0.0003915593137671,1.0039905619471166,-0.00480694798689052
2021-12-31,GMV,0.0008049866109383,1.0047987609069924,-0.004005830904721175
2022-01-31,GMV,-0.0094620097960166,0.995291345188265,-0.013429937489476185
2022-02-28,GMV,-0.0027191902311912,0.99258495868524,-0.016112609165840452
2022-03-31,GMV,-0.0143278764649368,0.9783633240162435,-0.030209626157121194
2022-04-29,GMV,-0.0146564168577406,0.9640240233011367,-0.044423278140786615
2022-05-31,GMV,0.0049549143477456,0.968800679765763,-0.03968847733127456
2022-06-30,GMV,-0.013789824070592,0.9554410888323231,-0.05293100428183861
2022-07-29,GMV,0.0087723029731991,0.9638225075366036,-0.04462302811487551
2022-08-31,GMV,-0.0101887878411429,0.9540023244907948,-0.05435716138972657
2022-09-30,GMV,-0.0198385033129879,0.9350763462157861,-0.07311729997639971
2022-10-31,GMV,-0.0008541675265707,0.9342776343659841,-0.0739090130797001
2022-11-30,GMV,0.0100264050981642,0.943645080402292,-0.06462364968707845
2022-12-30,GMV,0.0003310346237206,0.9439574595964088,-0.06431400772891549
2023-01-31,GMV,0.0088921937014028,0.9523513121730242,-0.05599370664195169
2023-02-28,GMV,-0.0091963363058779,0.9435931692249369,-0.0646751059905376
2023-03-31,GMV,0.0164150478744278,0.9590822962717472,-0.04932170307722816
2023-04-28,GMV,0.0021951378160447,0.9611876140889923,-0.04723483319676003
2023-05-31,GMV,-0.005458510874167,0.9559409610453729,-0.05243551222028309
2023-06-30,GMV,-0.0033034245694726,0.9527830821876903,-0.05556572003037441
2023-07-31,GMV,0.0060543140310875,0.9585515301707621,-0.04984781831771412
2023-08-31,GMV,0.0035438190864709,0.9619484633787472,-0.046480650881216445
2023-09-29,GMV,-0.0011379863587579,0.960853779149594,-0.04756574289332538
2023-10-31,GMV,0.0018850707195423,0.9626650564744306,-0.04577033696296451
2023-11-30,GMV,0.0126899315388688,0.9748812101359524,-0.03366122786666659
2023-12-29,GMV,0.0112977059464451,0.985895131380783,-0.022743816574455344
2024-01-31,GMV,0.0043975021807312,0.9902306073710022,-0.01844633037670851
2024-02-29,GMV,-0.0003889771074756,0.9898454303336132,-0.01882813228395075
2024-03-28,GMV,0.0075533729352699,0.9973221020171957,-0.011416975253496053
2024-04-30,GMV,-0.0052044963532374,0.9921315427742442,-0.01656205200066163
2024-05-31,GMV,0.0080652869724917,1.0001333683811795,-0.008630342730408413
2024-06-28,GMV,0.0056130890407088,1.005747206030487,-0.0030656965718972584
2024-07-31,GMV,0.0101877198963475,1.0159934768520598,0.0
2024-08-30,GMV,0.0079406525952849,1.0240611280908176,0.0
2024-09-30,GMV,0.0080560237298614,1.0323109888395459,0.0
2024-10-31,GMV,-0.0053762474690006,1.0267610294985758,-0.005376247469000561
2024-11-29,GMV,0.0034466602923564,1.0302999259686876,-0.001948117275317407
2024-12-31,GMV,0.0018424537251497,1.03219820590531,-0.00010925286609853035
2025-01-31,GMV,0.005996081667684,1.0383873506451553,0.0
2025-02-28,GMV,0.0077285169610754,1.0464125448967827,0.0
2025-03-31,GMV,0.0041712123786525,1.0507773538572336,0.0
2025-04-30,GMV,0.0034903291520109,1.0544449126876745,0.0
2025-05-30,GMV,-0.0021958873615325,1.0521294704304713,-0.0021958873615325336
2025-06-30,GMV,0.0112651883857191,1.0639819071210375,0.0
2025-07-31,GMV,0.0010685222001138,1.0651187954093158,0.0
2025-08-29,GMV,0.0110038429928549,1.0768391954027388,0.0
2025-09-30,GMV,0.0061035907880222,1.0834117811959803,0.0
2025-10-31,GMV,0.0054397377628736,1.0893052571748942,0.0
2025-11-28,GMV,0.0047734752273713,1.094505028835064,0.0
2025-12-30,GMV,0.0015622643857033,1.0962149350615862,0.0
2021-02-26,CtR-only,-0.0056489726076751,0.994351027392325,0.0
2021-03-31,CtR-only,-0.0046305509915072,0.9897466342565272,-0.004630550991507221
2021-04-30,CtR-only,0.0151938893815291,1.0047847351331616,0.0
2021-05-28,CtR-only,0.0102608046037067,1.01509463496915,0.0
2021-06-30,CtR-only,0.0040884570008046,1.0192448057359689,0.0
2021-07-30,CtR-only,0.0111263062108959,1.0305852355484524,0.0
2021-08-31,CtR-only,0.0011248914729713,1.031744532092091,0.0
2021-09-30,CtR-only,-0.0103185127850442,1.0210984629467994,-0.010318512785044143
2021-10-29,CtR-only,0.0101668222082675,1.031479789476715,-0.0002565970617157687
2021-11-30,CtR-only,-0.0059382201283767,1.0253546354288305,-0.0061932934602556555
2021-12-31,CtR-only,0.0120755336328159,1.0377363398145152,0.0
2022-01-31,CtR-only,-0.0164967717095748,1.0206170403218655,-0.016496771709574642
2022-02-28,CtR-only,-0.0026204908349487,1.0179425227217096,-0.019074032905452176
2022-03-31,CtR-only,-0.0065791790947734,1.0112452965565382,-0.025527720521680952
2022-04-29,CtR-only,-0.0283107477814565,0.9826161860205419,-0.053115759446012545
2022-05-31,CtR-only,0.0028631341872837,0.9854295480157157,-0.05040470280548215
2022-06-30,CtR-only,-0.0290684624948426,0.9567846261579112,-0.0780079780872599
2022-07-29,CtR-only,0.021665768867787,0.9775141007245005,-0.05803231204255488
2022-08-31,CtR-only,-0.0254778460731083,0.9526091469319488,-0.08203161980217644
2022-09-30,CtR-only,-0.0497582795699929,0.9052089546779764,-0.1277081471004733
2022-10-31,CtR-only,0.0070697142957851,0.911608523365536,-0.12154129291793259
2022-11-30,CtR-only,0.0408037032795469,0.9488055270600493,-0.08569692449082145
2022-12-30,CtR-only,-0.0102440373550526,0.9390859277981657,-0.095063079350177
2023-01-31,CtR-only,0.0344209804124835,0.9714101861245453,-0.0639142633299562
2023-02-28,CtR-only,-0.0273881646987377,0.9448050439569348,-0.08955193365801462
2023-03-31,CtR-only,0.026362276113149,0.9697122553988233,-0.0655504503464247
2023-04-28,CtR-only,0.0045106077619865,0.9740862470249187,-0.061335514954572457
2023-05-31,CtR-only,-0.0160691260637665,0.9584335323244941,-0.07641903289634788
2023-06-30,CtR-only,0.0087977565156034,0.9668655971782748,-0.06829359242532429
2023-07-31,CtR-only,0.0159017890633437,0.9822404899572076,-0.05347779366310612
2023-08-31,CtR-only,-0.010546293307394,0.9718814936517205,-0.06346009447309664
2023-09-29,CtR-only,-0.0206061125780052,0.9518547941810533,-0.08275854120017834
2023-10-31,CtR-only,-0.0064984875456663,0.9456691776557851,-0.08871922339655769
2023-11-30,CtR-only,0.0378383680474787,0.9814517560510813,-0.054237845976844445
2023-12-29,CtR-only,0.0250133091704571,1.006001112261075,-0.030581204816545693
2024-01-31,CtR-only,-0.0027155892032955,1.0032692265021155,-0.033213748030217705
2024-02-29,CtR-only,0.0019166486134054,1.005192141073963,-0.03136075850092046
2024-03-28,CtR-only,0.0208228871996503,1.0261231436415212,-0.011190892838030209
2024-04-30,CtR-only,-0.0129700629454945,1.012814261878662,-0.02401580919899926
2024-05-31,CtR-only,0.0181556761403205,1.0312025896076287,-0.006296156312743495
2024-06-28,CtR-only,0.0076057831254403,1.0390456928625769,0.0
2024-07-31,CtR-only,0.0176733585374608,1.0574091199293416,0.0
2024-08-30,CtR-only,0.0119322210113104,1.0700263592477137,0.0
2024-09-30,CtR-only,0.0185556352387799,1.0898813780657939,0.0
2024-10-31,CtR-only,-0.0125519737268475,1.0762012156429317,-0.012551973726847465
2024-11-29,CtR-only,0.0056851994753979,1.0823196342295276,-0.00693813472589655
2024-12-31,CtR-only,-0.0133773813284198,1.0678410317632034,-0.02022270198038001
2025-01-31,CtR-only,0.0152668222356655,1.084143570971082,-0.005264616140973732
2025-02-28,CtR-only,0.0139037047104817,1.0992171830456312,0.0
2025-03-31,CtR-only,0.0048755511011344,1.1045764725928153,0.0
2025-04-30,CtR-only,0.001049245188619,1.1057354441421452,0.0
2025-05-30,CtR-only,0.0052798753515901,1.1115735894590508,0.0
2025-06-30,CtR-only,0.0177664359662634,1.1313222904579647,0.0
2025-07-31,CtR-only,0.0014193142580543,1.1329279923152664,0.0
2025-08-29,CtR-only,0.0169538117861676,1.1521354402642603,0.0
2025-09-30,CtR-only,0.0180503774241858,1.1729319198048107,0.0
2025-10-31,CtR-only,0.0081338308908189,1.1824723496869467,0.0
2025-11-28,CtR-only,0.0087301364869254,1.1927954946917292,0.0
2025-12-30,CtR-only,0.0040336473344717,1.1976068110594624,0.0
