date,strategy,converged,iterations_pg,iterations_newton,kkt_residual,fallback_used,active_free_dim,status,objective_value
2021-01-29,EW,1,0,0,0.0,0,10,success,0.0
2021-01-29,GMV,1,0,33,0.0006465860439558237,0,6,success,0.0023952383604609623
2021-01-29,CtR-only,1,300,2,2.6711943045806043e-09,0,10,success,0.00019424143468484592
2021-01-29,MDP,1,191,2,0.1272610511697368,0,8,success,-2.1989197035255117
2021-01-29,CtB-only,1,300,3,0.02485418634647552,0,8,success,0.0011366018228629261
2021-01-29,Main,1,258,3,3.3452774824092138e-09,0,10,success,0.008781562453449788
2021-02-26,EW,1,0,0,0.0,0,10,success,0.0
2021-02-26,GMV,1,0,34,0.0006242839818454797,0,6,success,0.0024991274972829824
2021-02-26,CtR-only,1,162,2,5.409600772591558e-11,0,10,success,0.00019442170019012942
2021-02-26,MDP,1,152,2,0.11829186731989907,0,8,success,-2.173626757323793
2021-02-26,CtB-only,1,300,2,0.022128783213111937,0,8,success,0.0009826685918932513
2021-02-26,Main,1,100,3,2.300396077203226e-09,0,10,success,0.008857850271927117
2021-03-31,EW,1,0,0,0.0,0,10,success,0.0
2021-03-31,GMV,1,0,40,0.0004217002039668596,0,6,success,0.0007190312070451173
2021-03-31,CtR-only,1,258,2,8.88814288184075e-11,0,10,success,0.0004079368508426662
2021-03-31,MDP,1,242,2,0.2335584941973134,0,8,success,-2.1465519290977726
2021-03-31,CtB-only,1,300,3,0.029420681678970727,0,8,success,0.002016461262079673
2021-03-31,Main,1,300,3,1.8282500821896446e-09,0,10,success,0.008673376737006468
2021-04-30,EW,1,0,0,0.0,0,10,success,0.0
2021-04-30,GMV,1,0,41,0.0004016196217727951,0,6,success,0.0005952674479844083
2021-04-30,CtR-only,1,237,2,7.598831470067281e-11,0,10,success,0.0003099113803021854
2021-04-30,MDP,1,140,2,0.1587209058392059,0,8,success,-2.0562460510349676
2021-04-30,CtB-only,1,300,2,0.023115084016082893,0,8,success,0.0011890910340269837
2021-04-30,Main,1,300,2,5.373001403278768e-09,0,10,success,0.007255304642557747
2021-05-28,EW,1,0,0,0.0,0,10,success,0.0
2021-05-28,GMV,1,0,45,0.00037547648924121256,0,6,success,0.0005967077645169428
2021-05-28,CtR-only,1,194,2,6.518691586264635e-11,0,10,success,0.00022078072484659075
2021-05-28,MDP,1,300,2,0.1324481844194971,0,8,success,-2.035986220498801
2021-05-28,CtB-only,1,300,2,0.018613686908193414,0,8,success,0.0009005510887189208
2021-05-28,Main,1,300,2,5.287550553709769e-10,0,10,success,0.007352937225451163
2021-06-30,EW,1,0,0,0.0,0,10,success,0.0
2021-06-30,GMV,1,0,43,0.0003302671332348942,0,6,success,0.00044293900871857257
2021-06-30,CtR-only,1,282,2,7.404451409404492e-11,0,10,success,0.0003417604495645416
2021-06-30,MDP,1,300,1,0.09480231577171001,0,9,success,-1.9729909834599952
2021-06-30,CtB-only,1,300,2,0.010750301650975609,0,8,success,0.0008971741842004164
2021-06-30,Main,1,300,2,5.765467225250178e-10,0,10,success,0.00625659272386354
2021-07-30,EW,1,0,0,0.0,0,10,success,0.0
2021-07-30,GMV,1,0,44,0.00031237801527867555,0,6,success,0.0004648466909741687
2021-07-30,CtR-only,1,185,2,6.459317410481874e-11,0,10,success,0.00022576990937032228
2021-07-30,MDP,1,300,2,0.12079795230768298,0,9,success,-2.0116996007783174
2021-07-30,CtB-only,1,300,2,0.01244576098255042,0,9,success,0.0009118768751662093
2021-07-30,Main,1,300,1,5.551380915701433e-10,0,10,success,0.006267947536397836
2021-08-31,EW,1,0,0,0.0,0,10,success,0.0
2021-08-31,GMV,1,0,44,0.00026045935713755515,0,6,success,0.0004460290382203631
2021-08-31,CtR-only,1,202,2,6.933620390442317e-11,0,10,success,0.00022824694148486114
2021-08-31,MDP,1,300,1,0.08818474020595682,0,8,success,-2.0016435420592833
2021-08-31,CtB-only,1,300,2,0.010181024824544605,0,8,success,0.000698858215417571
2021-08-31,Main,1,300,1,3.201734303805527e-10,0,10,success,0.006481155736505928
2021-09-30,EW,1,0,0,0.0,0,10,success,0.0
2021-09-30,GMV,1,0,44,0.00024314581994065813,0,6,success,0.0004652819203785814
2021-09-30,CtR-only,1,168,2,7.791301787067184e-11,0,10,success,0.00022641971192216196
2021-09-30,MDP,1,300,1,0.06964920112502901,0,9,success,-2.015334752535779
2021-09-30,CtB-only,1,300,2,0.006209700607873592,0,9,success,0.0005974108000219228
2021-09-30,Main,1,131,2,2.1040719542921635e-07,0,10,success,0.005376053962437189
2021-10-29,EW,1,0,0,0.0,0,10,success,0.0
2021-10-29,GMV,1,0,46,0.00023501166823834338,0,6,success,0.00046996070679387506
2021-10-29,CtR-only,1,151,2,7.549200928972631e-11,0,10,success,0.0002192123145876769
2021-10-29,MDP,1,300,1,0.04067842066154034,0,9,success,-2.0034247487590653
2021-10-29,CtB-only,1,300,2,0.003944592612666722,0,9,success,0.00046349363665540595
2021-10-29,Main,1,300,2,3.058882783070958e-10,0,10,success,0.004098031916406611
2021-11-30,EW,1,0,0,0.0,0,10,success,0.0
2021-11-30,GMV,1,0,47,0.00018049554040108477,0,6,success,0.0005348716226332063
2021-11-30,CtR-only,1,214,2,6.157754431736764e-11,0,10,success,0.00022107845948909327
2021-11-30,MDP,1,300,1,0.012460197740260533,0,9,success,-2.021000002793581
2021-11-30,CtB-only,1,300,2,0.00148590449259206,0,9,success,0.00038863357569150943
2021-11-30,Main,1,300,1,5.427138085945579e-10,0,10,success,0.004121087304522403
2021-12-31,EW,1,0,0,0.0,0,10,success,0.0
2021-12-31,GMV,1,0,50,0.0001830466349712909,0,7,success,0.0005183752520023723
2021-12-31,CtR-only,1,207,2,5.337291287244574e-11,0,10,success,0.0002151229245557218
2021-12-31,MDP,1,300,1,7.160723346098896e-10,0,10,success,-2.022306952104632
2021-12-31,CtB-only,1,300,3,8.806209020786896e-11,0,10,success,0.0003917244355729886
2021-12-31,Main,1,154,2,3.6080165842301256e-10,0,10,success,0.0044681153252658316
2022-01-31,EW,1,0,0,0.0,0,10,success,0.0
2022-01-31,GMV,1,0,44,0.00019283489243512443,0,6,success,0.0005464632530021015
2022-01-31,CtR-only,1,105,2,5.820840295278407e-11,0,10,success,0.0002107318856117345
2022-01-31,MDP,1,300,2,0.0032709113047720974,0,9,success,-1.9983731565840204
2022-01-31,CtB-only,1,300,3,6.719195901869183e-11,0,10,success,0.00040945040668480227
2022-01-31,Main,1,300,1,3.9979780682106857e-10,0,10,success,0.005121771850665168
2022-02-28,EW,1,0,0,0.0,0,10,success,0.0
2022-02-28,GMV,1,0,47,0.0002441362017182656,0,6,success,0.0006114111714231841
2022-02-28,CtR-only,1,240,2,5.012502176420454e-11,0,10,success,0.00021209500121247647
2022-02-28,MDP,1,207,1,0.02398149320607483,0,9,success,-1.9730474563336837
2022-02-28,CtB-only,1,300,2,0.002241520126960053,0,9,success,0.0005139673560240476
2022-02-28,Main,1,300,1,1.5057173998423515e-10,0,10,success,0.0033449423389823717
2022-03-31,EW,1,0,0,0.0,0,10,success,0.0
2022-03-31,GMV,1,0,47,0.0001870478770517731,0,7,success,0.0010361191530426283
2022-03-31,CtR-only,1,215,2,3.8573481726382854e-11,0,10,success,0.0003697561259029744
2022-03-31,MDP,1,300,1,6.435464048854839e-10,0,10,success,-2.1123057375810683
2022-03-31,CtB-only,1,300,2,2.101904906615467e-07,0,10,success,0.0010947293563083839
2022-03-31,Main,1,296,2,9.187975955583274e-10,0,10,success,0.0015016647602153653
2022-04-29,EW,1,0,0,0.0,0,10,success,0.0
2022-04-29,GMV,1,0,43,0.00019183434489325284,0,6,success,0.0010775308593514413
2022-04-29,CtR-only,1,161,2,4.2029080085639173e-11,0,10,success,0.00016851101550605958
2022-04-29,MDP,1,300,1,0.03421608889553341,0,9,success,-2.0640979726338418
2022-04-29,CtB-only,1,300,2,0.005523140376059833,0,9,success,0.0005958883554672616
2022-04-29,Main,1,266,2,6.008577434230142e-10,0,10,success,0.0010788913618960808
2022-05-31,EW,1,0,0,0.0,0,10,success,0.0
2022-05-31,GMV,1,0,39,0.0002434071485481793,0,6,success,0.0011482898131451565
2022-05-31,CtR-only,1,221,2,3.037915847685627e-11,0,10,success,0.00017686711449474803
2022-05-31,MDP,1,300,2,0.04122004072145321,0,9,success,-2.031690249292845
2022-05-31,CtB-only,1,300,2,0.005625263063849114,0,9,success,0.0006832306306526182
2022-05-31,Main,1,300,2,5.059341352244786e-10,0,10,success,0.0011758501919688538
2022-06-30,EW,1,0,0,0.0,0,10,success,0.0
2022-06-30,GMV,1,0,42,0.0004470687803036239,0,7,success,0.0012643425417446096
2022-06-30,CtR-only,1,239,2,2.8826056729979905e-11,0,10,success,0.00018021248451785505
2022-06-30,MDP,1,300,2,0.044242151568211575,0,9,success,-1.9499712203910637
2022-06-30,CtB-only,1,300,2,0.005688160144108498,0,9,success,0.0009378683412792328
2022-06-30,Main,1,300,2,2.1982513405889622e-07,0,10,success,0.002825486042465514
2022-07-29,EW,1,0,0,0.0,0,10,success,0.0
2022-07-29,GMV,1,0,39,0.00040993548120894904,0,5,success,0.0013416009463462222
2022-07-29,CtR-only,1,235,2,2.7437399998415936e-11,0,10,success,0.00017451089087633156
2022-07-29,MDP,1,300,2,0.06058824984331896,0,8,success,-1.916041996243892
2022-07-29,CtB-only,1,300,2,0.006593140984335549,0,8,success,0.0011296517897748603
2022-07-29,Main,1,300,2,3.6340128558817866e-10,0,10,success,0.0035512387763281038
2022-08-31,EW,1,0,0,0.0,0,10,success,0.0
2022-08-31,GMV,1,0,33,0.00047252399190892677,0,4,success,0.001355154253551457
2022-08-31,CtR-only,1,238,2,2.6908852043726997e-11,0,10,success,0.00017704461488183347
2022-08-31,MDP,1,300,1,0.08012150134552627,0,8,success,-1.8971536148468622
2022-08-31,CtB-only,1,300,2,0.008806021574368796,0,8,success,0.0012462115851251702
2022-08-31,Main,1,276,2,3.694472317014042e-10,0,10,success,0.0045776056546349315
2022-09-30,EW,1,0,0,0.0,0,10,success,0.0
2022-09-30,GMV,1,0,33,0.000759417375213323,0,4,success,0.001406394010459085
2022-09-30,CtR-only,1,282,2,2.4573665946251076e-11,0,10,success,0.0001851311221920925
2022-09-30,MDP,1,300,1,0.09314037593110475,0,7,success,-1.799573176253329
2022-09-30,CtB-only,1,300,2,0.009155211521842404,0,8,success,0.0012622441601591217
2022-09-30,Main,1,300,2,2.8679798203796425e-10,0,10,success,0.004789682221920163
2022-10-31,EW,1,0,0,0.0,0,10,success,0.0
2022-10-31,GMV,1,0,27,0.0009508584350255255,0,4,success,0.0014067818554750317
2022-10-31,CtR-only,1,298,2,2.4681553482082997e-11,0,10,success,0.00019271802461600908
2022-10-31,MDP,1,300,2,0.11620169940566692,0,8,success,-1.752721856707579
2022-10-31,CtB-only,1,300,2,0.011022499039354131,0,8,success,0.0018280224057650321
2022-10-31,Main,1,300,2,2.744321093853693e-10,0,10,success,0.0055653166683323416
2022-11-30,EW,1,0,0,0.0,0,10,success,0.0
2022-11-30,GMV,1,0,24,0.0012071129508473251,0,4,success,0.001562362737896514
2022-11-30,CtR-only,1,265,2,2.175240813023429e-11,0,10,success,0.00018705121722087273
2022-11-30,MDP,1,300,2,0.11202767533075876,0,7,success,-1.6887466735110785
2022-11-30,CtB-only,1,300,2,0.011042610241008496,0,8,success,0.0019028578077961648
2022-11-30,Main,1,300,2,2.0611022644021527e-10,0,10,success,0.0070010316833307345
2022-12-30,EW,1,0,0,0.0,0,10,success,0.0
2022-12-30,GMV,1,0,23,0.0013401346332396736,0,4,success,0.001604463623246269
2022-12-30,CtR-only,1,147,2,2.020811139204304e-11,0,10,success,0.0001837662520313663
2022-12-30,MDP,1,300,2,0.11389875711470207,0,8,success,-1.676299674311114
2022-12-30,CtB-only,1,300,2,0.010273497524271155,0,8,success,0.0016904434107858103
2022-12-30,Main,1,300,2,2.0789124736676867e-10,0,10,success,0.006801219210550781
2023-01-31,EW,1,0,0,0.0,0,10,success,0.0
2023-01-31,GMV,1,0,25,0.0014427320130651056,0,4,success,0.001607870938639797
2023-01-31,CtR-only,1,118,2,3.219981915460064e-11,0,10,success,0.0001831415580001071
2023-01-31,MDP,1,300,2,0.12158485313922301,0,7,success,-1.6680089805768383
2023-01-31,CtB-only,1,300,2,0.010852737279991703,0,7,success,0.00195655776635497
2023-01-31,Main,1,300,2,2.0461286764716485e-10,0,10,success,0.007414277865065584
2023-02-28,EW,1,0,0,0.0,0,10,success,0.0
2023-02-28,GMV,1,0,24,0.001399779093981511,0,4,success,0.0016154937646784403
2023-02-28,CtR-only,1,202,2,1.9757602739160146e-11,0,10,success,0.00018343270446940957
2023-02-28,MDP,1,300,2,0.11521026304924234,0,7,success,-1.6473642849956562
2023-02-28,CtB-only,1,276,2,0.01094603000527515,0,7,success,0.0017669617711055154
2023-02-28,Main,1,300,2,1.65238443807648e-10,0,10,success,0.007417111486352432
2023-03-31,EW,1,0,0,0.0,0,10,success,0.0
2023-03-31,GMV,1,0,23,0.0016510424550215403,0,3,success,0.0016091160063090677
2023-03-31,CtR-only,1,279,2,2.8196021837128148e-11,0,10,success,0.00018288135870016552
2023-03-31,MDP,1,215,2,0.1585465477407476,0,6,success,-1.6021776825563985
2023-03-31,CtB-only,1,262,2,0.01357646986585787,0,6,success,0.0030354730918788586
2023-03-31,Main,1,178,1,4.875468027327411e-11,0,10,success,0.008093860718096823
2023-04-28,EW,1,0,0,0.0,0,10,success,0.0
2023-04-28,GMV,1,0,27,0.0017181729368800712,0,3,success,0.0016299762302188863
2023-04-28,CtR-only,1,273,2,2.8296224051761567e-11,0,10,success,0.00017792675616819324
2023-04-28,MDP,1,212,2,0.17984206293967556,0,6,success,-1.6074392300104121
2023-04-28,CtB-only,1,251,2,0.017438562775257904,0,6,success,0.0033292738019167034
2023-04-28,Main,1,107,2,3.179918949347218e-11,0,10,success,0.00898739718406113
2023-05-31,EW,1,0,0,0.0,0,10,success,0.0
2023-05-31,GMV,1,0,30,0.0015919264929960138,0,3,success,0.0016574096232737584
2023-05-31,CtR-only,1,290,2,2.6608971558626817e-11,0,10,success,0.000178282701116695
2023-05-31,MDP,1,205,2,0.1762415069269823,0,6,success,-1.6181656662529669
2023-05-31,CtB-only,1,222,2,0.01702087549806258,0,6,success,0.0033078293232454282
2023-05-31,Main,1,194,1,3.465962379907726e-07,0,10,success,0.009609995772480869
2023-06-30,EW,1,0,0,0.0,0,10,success,0.0
2023-06-30,GMV,1,0,32,0.0015432342127667314,0,4,success,0.0016025728112184837
2023-06-30,CtR-only,1,249,2,2.6421966068973737e-11,0,10,success,0.00017140624438687782
2023-06-30,MDP,1,186,2,0.16148754812745214,0,6,success,-1.6276035659812584
2023-06-30,CtB-only,1,229,2,0.014690366239476641,0,6,success,0.002919611742406028
2023-06-30,Main,1,96,2,8.556117990179087e-11,0,10,success,0.008736569704148272
2023-07-31,EW,1,0,0,0.0,0,10,success,0.0
2023-07-31,GMV,1,0,31,0.001520340232491884,0,4,success,0.0015570099236857434
2023-07-31,CtR-only,1,243,2,2.5367551040280817e-11,0,10,success,0.00017022616884642403
2023-07-31,MDP,1,181,2,0.12965521679264738,0,7,success,-1.5908643239546814
2023-07-31,CtB-only,1,300,2,0.012805171990121846,0,8,success,0.0026751230046474176
2023-07-31,Main,1,118,2,5.389677941994701e-11,0,10,success,0.007753051260842372
2023-08-31,EW,1,0,0,0.0,0,10,success,0.0
2023-08-31,GMV,1,0,32,0.0012982621808156614,0,3,success,0.0015329648832246986
2023-08-31,CtR-only,1,193,2,1.71901960792456e-11,0,10,success,0.00016819445403700166
2023-08-31,MDP,1,176,2,0.13493405832413152,0,8,success,-1.5793205330584756
2023-08-31,CtB-only,1,300,2,0.01275685879398255,0,8,success,0.0026327867543206574
2023-08-31,Main,1,110,2,6.030441253475161e-11,0,10,success,0.006842531976292402
2023-09-29,EW,1,0,0,0.0,0,10,success,0.0
2023-09-29,GMV,1,0,32,0.0010163496351577555,0,3,success,0.0014611794543418102
2023-09-29,CtR-only,1,261,2,2.6100207178919136e-11,0,10,success,0.00016818437870622495
2023-09-29,MDP,1,159,2,0.13287313377446547,0,8,success,-1.627832854563021
2023-09-29,CtB-only,1,300,2,0.012456941078526192,0,8,success,0.0024920604374545387
2023-09-29,Main,1,116,2,6.579454776888575e-11,0,10,success,0.007508562054661626
2023-10-31,EW,1,0,0,0.0,0,10,success,0.0
2023-10-31,GMV,1,0,36,0.0009828008837606918,0,4,success,0.0015047378100307572
2023-10-31,CtR-only,1,166,2,8.627087583019577e-09,0,10,success,0.00016913685552817553
2023-10-31,MDP,1,144,2,0.09459154108692089,0,7,success,-1.6750549578325633
2023-10-31,CtB-only,1,300,2,0.008896665147172267,0,8,success,0.0016083486777180717
2023-10-31,Main,1,125,2,7.330053469551314e-11,0,10,success,0.005701575299249582
2023-11-30,EW,1,0,0,0.0,0,10,success,0.0
2023-11-30,GMV,1,0,32,0.001247930725774448,0,3,success,0.0011375421441027066
2023-11-30,CtR-only,1,154,2,1.768027860593724e-11,0,10,success,0.00016485200595937262
2023-11-30,MDP,1,186,2,0.09086432863199687,0,7,success,-1.697604612674271
2023-11-30,CtB-only,1,300,2,0.008686372586979064,0,7,success,0.0013092281875833308
2023-11-30,Main,1,163,2,1.1438459323637108e-10,0,10,success,0.004933239692062297
2023-12-29,EW,1,0,0,0.0,0,10,success,0.0
2023-12-29,GMV,1,0,34,0.0013967020659716755,0,3,success,0.0011105717840865575
2023-12-29,CtR-only,1,256,2,2.531954816760844e-11,0,10,success,0.00016049022580037127
2023-12-29,MDP,1,265,1,0.10175669182200098,0,7,success,-1.7292428558676263
2023-12-29,CtB-only,1,300,2,0.008371561217507206,0,7,success,0.0015616736123416266
2023-12-29,Main,1,139,2,1.0947337033915142e-10,0,10,success,0.006371944398217768
2024-01-31,EW,1,0,0,0.0,0,10,success,0.0
2024-01-31,GMV,1,0,35,0.0012882847840236763,0,3,success,0.001094826315259679
2024-01-31,CtR-only,1,249,2,2.531669242297646e-11,0,10,success,0.00015342589642043073
2024-01-31,MDP,1,219,1,0.09382625227632077,0,7,success,-1.7459860406364405
2024-01-31,CtB-only,1,300,2,0.008253012556848868,0,7,success,0.0013639743162895696
2024-01-31,Main,1,132,2,1.1069494984361815e-10,0,10,success,0.006308010181119299
2024-02-29,EW,1,0,0,0.0,0,10,success,0.0
2024-02-29,GMV,1,0,33,0.0013444214609589127,0,3,success,0.0010505795341179424
2024-02-29,CtR-only,1,230,2,2.61313304604682e-11,0,10,success,0.0001525908731340283
2024-02-29,MDP,1,175,2,0.1191228105490668,0,7,success,-1.7830236296354212
2024-02-29,CtB-only,1,300,2,0.010608579106072725,0,7,success,0.001820046795124217
2024-02-29,Main,1,187,1,8.118061054494523e-11,0,10,success,0.007814597658856864
2024-03-28,EW,1,0,0,0.0,0,10,success,0.0
2024-03-28,GMV,1,0,31,0.0012168268772890047,0,3,success,0.0008093670516981834
2024-03-28,CtR-only,1,300,2,1.9911687724877813e-11,0,10,success,0.00017284667594595014
2024-03-28,MDP,1,173,2,0.13949053559221314,0,7,success,-1.706041254848452
2024-03-28,CtB-only,1,300,2,0.01655561592583589,0,7,success,0.0029412468299684622
2024-03-28,Main,1,300,2,5.554908534596159e-11,0,10,success,0.00978552143990372
2024-04-30,EW,1,0,0,0.0,0,10,success,0.0
2024-04-30,GMV,1,0,26,0.0012454334524431494,0,3,success,0.0007981474871927216
2024-04-30,CtR-only,1,255,2,1.6158205323002274e-11,0,10,success,0.0001624728950552594
2024-04-30,MDP,1,182,2,0.13246352409620293,0,6,success,-1.7072964356727838
2024-04-30,CtB-only,1,300,2,0.02029598734620653,0,7,success,0.002795396779924686
2024-04-30,Main,1,300,2,5.322520622385694e-11,0,10,success,0.010720261744921113
2024-05-31,EW,1,0,0,0.0,0,10,success,0.0
2024-05-31,GMV,1,0,29,0.0011471617108414335,0,3,success,0.0007478742513009084
2024-05-31,CtR-only,1,271,2,1.583464710911374e-11,0,10,success,0.0001658712365627774
2024-05-31,MDP,1,189,2,0.12711407003186764,0,7,success,-1.6672922142169708
2024-05-31,CtB-only,1,300,2,0.013068217780514079,0,8,success,0.002920799188085748
2024-05-31,Main,1,300,1,7.810350442797821e-11,0,10,success,0.01094183456233309
2024-06-28,EW,1,0,0,0.0,0,10,success,0.0
2024-06-28,GMV,1,0,27,0.0011755149988431244,0,3,success,0.0007391812576872223
2024-06-28,CtR-only,1,197,2,1.4414085232017166e-11,0,10,success,0.0001639261734153182
2024-06-28,MDP,1,188,2,0.103980712833982,0,7,success,-1.6558830521198242
2024-06-28,CtB-only,1,300,2,0.011790660387644356,0,8,success,0.0020863842585351323
2024-06-28,Main,1,300,1,8.451548918916942e-11,0,10,success,0.010458924259538215
2024-07-31,EW,1,0,0,0.0,0,10,success,0.0
2024-07-31,GMV,1,0,27,0.0011162113944432348,0,3,success,0.0007190380847605724
2024-07-31,CtR-only,1,233,2,1.5121966036701473e-11,0,10,success,0.0001663468134922883
2024-07-31,MDP,1,186,2,0.10144591193827528,0,7,success,-1.6676512462606645
2024-07-31,CtB-only,1,300,2,0.011144598174522282,0,8,success,0.002098227739664434
2024-07-31,Main,1,300,2,9.541136818703317e-11,0,10,success,0.010368868169710025
2024-08-30,EW,1,0,0,0.0,0,10,success,0.0
2024-08-30,GMV,1,0,31,0.0010793463867835875,0,3,success,0.0007728402615278313
2024-08-30,CtR-only,1,255,2,2.6349722368493656e-11,0,10,success,0.0001674733109910345
2024-08-30,MDP,1,192,2,0.10442146970864076,0,7,success,-1.7156956718780922
2024-08-30,CtB-only,1,300,2,0.010571788254847118,0,8,success,0.0017868459555422898
2024-08-30,Main,1,300,2,8.0679096366777e-11,0,10,success,0.009513252763948198
2024-09-30,EW,1,0,0,0.0,0,10,success,0.0
2024-09-30,GMV,1,0,31,0.0010638593238913032,0,3,success,0.0008027476551761372
2024-09-30,CtR-only,1,227,2,2.7457107291515904e-11,0,10,success,0.00016773380280788494
2024-09-30,MDP,1,193,1,0.1130424865632581,0,7,success,-1.7147066918899896
2024-09-30,CtB-only,1,261,2,0.009977680488265389,0,7,success,0.0016879490310261007
2024-09-30,Main,1,300,2,4.407443858389198e-11,0,10,success,0.008187077592458986
2024-10-31,EW,1,0,0,0.0,0,10,success,0.0
2024-10-31,GMV,1,0,33,0.0012025299821816025,0,4,success,0.000802325786248926
2024-10-31,CtR-only,1,275,2,2.7042763082958793e-11,0,10,success,0.0001652143582742777
2024-10-31,MDP,1,300,2,0.12325796404800722,0,7,success,-1.735428293222362
2024-10-31,CtB-only,1,300,2,0.015356032980647808,0,7,success,0.0022386230727162314
2024-10-31,Main,1,300,2,2.7330842251861312e-11,0,10,success,0.009634170413482187
2024-11-29,EW,1,0,0,0.0,0,10,success,0.0
2024-11-29,GMV,1,0,32,0.0012213731554400083,0,4,success,0.0007461006220112581
2024-11-29,CtR-only,1,177,2,1.771722243134495e-11,0,10,success,0.00016889049969253617
2024-11-29,MDP,1,188,2,0.1498661412860024,0,6,success,-1.751327793708227
2024-11-29,CtB-only,1,300,2,0.03133042851784445,0,7,success,0.002971439389853868
2024-11-29,Main,1,300,1,3.76568871946893e-11,0,10,success,0.011319323692557384
2024-12-31,EW,1,0,0,0.0,0,10,success,0.0
2024-12-31,GMV,1,0,34,0.0010996659049287004,0,4,success,0.0007215560175717254
2024-12-31,CtR-only,1,238,2,1.953104384817045e-11,0,10,success,0.00016920550502590875
2024-12-31,MDP,1,300,2,0.15711132351088813,0,7,success,-1.7778190680043136
2024-12-31,CtB-only,1,300,2,0.03223206654799052,0,7,success,0.0027212109950125103
2024-12-31,Main,1,300,1,7.022738276769522e-11,0,10,success,0.011394899431742399
2025-01-31,EW,1,0,0,0.0,0,10,success,0.0
2025-01-31,GMV,1,0,34,0.001069209495539949,0,4,success,0.000720653482026294
2025-01-31,CtR-only,1,219,2,2.0140129677685115e-11,0,10,success,0.00016725198746586257
2025-01-31,MDP,1,300,1,0.14653248744660843,0,7,success,-1.7974549777002613
2025-01-31,CtB-only,1,300,2,0.028518774681945518,0,7,success,0.0024848785152343875
2025-01-31,Main,1,300,1,7.070142138137188e-11,0,10,success,0.011560964640924966
2025-02-28,EW,1,0,0,0.0,0,10,success,0.0
2025-02-28,GMV,1,0,29,0.0008172726258231742,0,4,success,0.0007064909668616375
2025-02-28,CtR-only,1,244,2,2.1451595251176402e-11,0,10,success,0.00017140081119543804
2025-02-28,MDP,1,300,2,0.1375601811694133,0,8,success,-1.813731911876373
2025-02-28,CtB-only,1,300,2,0.01681767736960894,0,8,success,0.0020827995715827176
2025-02-28,Main,1,300,2,5.326759311137736e-11,0,10,success,0.00881952984788106
2025-03-31,EW,1,0,0,0.0,0,10,success,0.0
2025-03-31,GMV,1,0,36,0.0006923175742838778,0,4,success,0.000709374316116182
2025-03-31,CtR-only,1,249,2,2.4796499001481874e-11,0,10,success,0.00017565482161146435
2025-03-31,MDP,1,300,2,0.12765072440958597,0,8,success,-1.83641045989576
2025-03-31,CtB-only,1,300,2,0.014929624415582687,0,8,success,0.0017610205241924796
2025-03-31,Main,1,300,2,7.990798028774514e-11,0,10,success,0.006635007021232686
2025-04-30,EW,1,0,0,0.0,0,10,success,0.0
2025-04-30,GMV,1,0,37,0.00039492454430709435,0,5,success,0.0015227303566798115
2025-04-30,CtR-only,1,233,1,1.4410836501380846e-06,1,10,success,0.0002801263961253927
2025-04-30,MDP,1,300,2,0.11085837317755612,0,8,success,-1.8788408256613214
2025-04-30,CtB-only,1,300,2,0.012861647196235653,0,8,success,0.002306444470386926
2025-04-30,Main,1,300,1,2.0790934056832624e-10,0,10,success,0.007453789666204054
2025-05-30,EW,1,0,0,0.0,0,10,success,0.0
2025-05-30,GMV,1,0,41,0.0004744483655708574,0,6,success,0.0015645485061358685
2025-05-30,CtR-only,1,193,2,2.810203385088657e-11,0,10,success,0.0001660479433868504
2025-05-30,MDP,1,300,2,0.1459020002708637,0,8,success,-1.9326876011864267
2025-05-30,CtB-only,1,300,2,0.018118216860282668,0,8,success,0.001813419409124415
2025-05-30,Main,1,81,2,1.0766450513144044e-07,0,10,success,0.006662150886523411
2025-06-30,EW,1,0,0,0.0,0,10,success,0.0
2025-06-30,GMV,1,0,44,0.0003523764951468033,0,6,success,0.001561946768976412
2025-06-30,CtR-only,1,177,2,2.7462624136938197e-11,0,10,success,0.00015845805289835697
2025-06-30,MDP,1,300,1,0.14636914223374559,0,8,success,-1.979389777062687
2025-06-30,CtB-only,1,300,1,0.01736293678150338,0,8,success,0.0017067200017182864
2025-06-30,Main,1,300,2,2.039879178235279e-10,0,10,success,0.00656951821955217
2025-07-31,EW,1,0,0,0.0,0,10,success,0.0
2025-07-31,GMV,1,0,44,0.00040802582512169293,0,8,success,0.0015648665639380935
2025-07-31,CtR-only,1,165,2,2.7864460213997147e-11,0,10,success,0.00015565404055697637
2025-07-31,MDP,1,300,2,0.12161767356062625,0,8,success,-2.000139657418406
2025-07-31,CtB-only,1,300,2,0.014288117941538728,0,8,success,0.0012185193897498242
2025-07-31,Main,1,300,2,2.3400513090674414e-10,0,10,success,0.006105281826468592
2025-08-29,EW,1,0,0,0.0,0,10,success,0.0
2025-08-29,GMV,1,0,45,0.00048159764901676265,0,8,success,0.0015699925905024283
2025-08-29,CtR-only,1,164,2,2.540138273925054e-11,0,10,success,0.00015505687629996937
2025-08-29,MDP,1,300,1,0.10513822374665156,0,8,success,-2.023869409131865
2025-08-29,CtB-only,1,300,2,0.011332612314525998,0,8,success,0.0010968670764931032
2025-08-29,Main,1,300,2,1.8766930162718541e-10,0,10,success,0.006747789981451634
2025-09-30,EW,1,0,0,0.0,0,10,success,0.0
2025-09-30,GMV,1,0,44,0.0005077817082457552,0,8,success,0.0015821495354093132
2025-09-30,CtR-only,1,156,2,2.3257385989211693e-11,0,10,success,0.00015154490127015251
2025-09-30,MDP,1,300,2,0.09931689795023253,0,8,success,-2.0474747743285886
2025-09-30,CtB-only,1,300,1,0.011343843572895595,0,9,success,0.001117016500348583
2025-09-30,Main,1,300,1,1.814476910454918e-10,0,10,success,0.0071653316994272935
2025-10-31,EW,1,0,0,0.0,0,10,success,0.0
2025-10-31,GMV,1,0,43,0.0005762071723409931,0,7,success,0.0015089116410020448
2025-10-31,CtR-only,1,124,2,1.9620244495088558e-11,0,10,success,0.00015649247622403985
2025-10-31,MDP,1,300,1,0.12515344776197995,0,7,success,-2.0493809034442494
2025-10-31,CtB-only,1,300,2,0.014862363691426052,0,7,success,0.0012740240776909842
2025-10-31,Main,1,144,2,2.621384721146992e-10,0,10,success,0.00805529117442423
2025-11-28,EW,1,0,0,0.0,0,10,success,0.0
2025-11-28,GMV,1,0,37,0.00048191742189747724,0,6,success,0.0014234734439230205
2025-11-28,CtR-only,1,147,2,2.5029920213129304e-11,0,10,success,0.0001544951974513695
2025-11-28,MDP,1,300,2,0.1027189295769541,0,9,success,-2.066295529040901
2025-11-28,CtB-only,1,300,1,0.010555665432704364,0,9,success,0.0010243143673142124
2025-11-28,Main,1,300,1,2.9413683594556535e-10,0,10,success,0.007427316063580379
